id,name,email,phone,created_at
8a3f2b91-4d7c-4a5e-9b62-1f8c3e5d9a01,Rahul Khanna,rahul.khanna@example.com,+91-9876543210,2025-12-01 08:45:00
2c9d5f71-8a34-4e2b-93a6-5b1f7c8d4e10,Priya Malhotra,priya.malhotra@example.com,+91-9123456789,2025-12-02 09:30:00
6b1e8a93-5c4d-4f92-a7e1-3d9f5b2c8e44,Amit Verma,amit.verma@example.com,+91-9988776655,2025-12-03 10:10:00
f7d9c2a5-1b8e-4a3f-92c6-5e7d8b4a9c20,Anjali Iyer,anjali.iyer@example.com,+91-9090909090,2025-12-04 11:55:00
3e8a9d7b-4c5f-41a2-b6e9-2d1f5a7c8b63,Rohan Mehta,rohan.mehta@example.com,+91-9812345678,2025-12-05 13:40:00
a1c9f4b7-2e5d-4a83-9f61-7d8b3c5e0a92,Sneha Kulkarni,sneha.kulkarni@example.com,+91-9700011122,2025-12-06 15:20:00
9b7e4c3d-8f2a-4b91-a5c6-1d0e9f8a7b55,Vikas Sharma,vikas.sharma@example.com,+91-9898989898,2025-12-07 16:10:00
4f3a2c9b-7e1d-45a8-b6f9-5d8c0a1e2b74,Pooja Nair,pooja.nair@example.com,+91-9765432109,2025-12-08 17:45:00
e8d5a1f9-2b3c-4e7a-91d6-0c8f7b5a2e66,Arjun Patel,arjun.patel@example.com,+91-9555666777,2025-12-09 18:30:00
5a9c8e7d-4f1b-4a62-93e0-2d6f5b8c1a11,Kavya Rao,kavya.rao@example.com,+91-9444333222,2025-12-10 19:05:00